{"average_score":66739,"biases":[0.1,0.1,0.945351164747634,0.1,0.963364808911436,1.22593614405889],"drop_purin_cooldown_sec":1.25,"evil_purin_spawn_level_divider":4,"evil_purin_spawn_level_threshold":3,"game_over_threshold_sec":6,"highest_possible_purin_level":10,"highscore":142618,"highscore_biases":[0.1,0.1,0.945351164747634,0.1,0.1,1.22593614405889],"highscore_board_state":"","highscore_weights":[0,2.08133070765077,0,2.95769702226465,1.89921847129224,1.10116249277668],"last_board_state":"","last_score":56281,"lifetime_score":2936529,"purin_sizes":[50,100,125,156,175,195,220,250,275,300,343],"total_games":44,"weights":[0,2.86931976856719,0,2.59667046096581,1.89921847129224,1.10116249277668]}
