{
	"purin_sizes": [50, 100, 125, 156, 175, 195, 220, 250, 275, 300, 343],
	"highest_possible_purin_level": 10,
	"game_over_threshold_sec":6,
	"drop_purin_cooldown_sec":0.25,
	"evil_purin_spawn_level_threshold":3,
	"evil_purin_spawn_level_divider":4,
	"highscore":187123,
	"last_board_state":"",
	"last_score":0,
	"weights":[1, 1, 1, 1, 1, 1],
	"biases":[0, 0, 0, 0, 0, 0],
	"highscore_board_state":"2_719.220703125_86.142578125,5_465.902709960938_232.900390625,4_594.142150878906_83.546875,6_669.550170898438_257.396484375,2_246.660247802734_573.4921875,4_404.186462402344_409.056640625,6_378.045715332031_109.68359375,7_145.90641784668_103.64453125,9_170.644226074219_371.1484375,7_597.4794921875_485.201171875,2_772.233032226562_476.935546875,1_728.711059570312_593.91796875,0_753.388122558594_371.490234375,2_82.1129150390625_560.71875,0_613.42822265625_656.529296875,10_427.075897216797_715.00390625,6_149.555557250977_714.0078125,2_626.7158203125_832.494140625,3_700.509826660156_716.755859375,1_71.5177154541016_842.576171875,0_548.134704589844_867.716796875,1_733.610290527344_843.068359375,0_144.297027587891_867.4375,",
	"highscore_weights":[1, 1, 1, 1, 1, 1],
	"highscore_biases":[0, 0, 0, 0, 0, 0],
	"total_games": 0,
	"average_score": 0,
	"lifetime_score": 0
}
